<annotation>
	<folder>downloaded_v2</folder>
	<filename>alcorcon_sur_40.3418746_-3.8314931.jpg</filename>
	<path>C:\Users\Public\Pictures\downloaded_v2\alcorcon_sur_40.3418746_-3.8314931.jpg</path>
	<source>
		<database>Unknown</database>
	</source>
	<size>
		<width>640</width>
		<height>640</height>
		<depth>3</depth>
	</size>
	<segmented>0</segmented>
	<object>
		<name>piscina</name>
		<pose>Unspecified</pose>
		<truncated>0</truncated>
		<difficult>0</difficult>
		<bndbox>
			<xmin>307</xmin>
			<ymin>523</ymin>
			<xmax>363</xmax>
			<ymax>575</ymax>
		</bndbox>
	</object>
	<object>
		<name>rotonda</name>
		<pose>Unspecified</pose>
		<truncated>0</truncated>
		<difficult>0</difficult>
		<bndbox>
			<xmin>497</xmin>
			<ymin>475</ymin>
			<xmax>560</xmax>
			<ymax>550</ymax>
		</bndbox>
	</object>
	<object>
		<name>rotonda</name>
		<pose>Unspecified</pose>
		<truncated>0</truncated>
		<difficult>0</difficult>
		<bndbox>
			<xmin>343</xmin>
			<ymin>377</ymin>
			<xmax>376</xmax>
			<ymax>414</ymax>
		</bndbox>
	</object>
	<object>
		<name>parking</name>
		<pose>Unspecified</pose>
		<truncated>0</truncated>
		<difficult>0</difficult>
		<bndbox>
			<xmin>95</xmin>
			<ymin>58</ymin>
			<xmax>149</xmax>
			<ymax>135</ymax>
		</bndbox>
	</object>
	<object>
		<name>parking</name>
		<pose>Unspecified</pose>
		<truncated>0</truncated>
		<difficult>0</difficult>
		<bndbox>
			<xmin>148</xmin>
			<ymin>340</ymin>
			<xmax>215</xmax>
			<ymax>410</ymax>
		</bndbox>
	</object>
</annotation>
