<annotation>
	<folder>downloaded_v2</folder>
	<filename>alcorcon_sur_40.3311946_-3.8455331.jpg</filename>
	<path>C:\Users\Public\Pictures\downloaded_v2\alcorcon_sur_40.3311946_-3.8455331.jpg</path>
	<source>
		<database>Unknown</database>
	</source>
	<size>
		<width>640</width>
		<height>640</height>
		<depth>3</depth>
	</size>
	<segmented>0</segmented>
	<object>
		<name>rotonda</name>
		<pose>Unspecified</pose>
		<truncated>0</truncated>
		<difficult>0</difficult>
		<bndbox>
			<xmin>489</xmin>
			<ymin>381</ymin>
			<xmax>598</xmax>
			<ymax>488</ymax>
		</bndbox>
	</object>
</annotation>
