<annotation>
	<folder>downloaded_v2</folder>
	<filename>alcorcon_sur_40.3418746_-3.8350031.jpg</filename>
	<path>C:\Users\Public\Pictures\downloaded_v2\alcorcon_sur_40.3418746_-3.8350031.jpg</path>
	<source>
		<database>Unknown</database>
	</source>
	<size>
		<width>640</width>
		<height>640</height>
		<depth>3</depth>
	</size>
	<segmented>0</segmented>
	<object>
		<name>piscina</name>
		<pose>Unspecified</pose>
		<truncated>0</truncated>
		<difficult>0</difficult>
		<bndbox>
			<xmin>11</xmin>
			<ymin>538</ymin>
			<xmax>92</xmax>
			<ymax>604</ymax>
		</bndbox>
	</object>
</annotation>
