<annotation>
	<folder>downloaded_v2</folder>
	<filename>alcorcon_sur_40.3365346_-3.8385131.jpg</filename>
	<path>C:\Users\Public\Pictures\downloaded_v2\alcorcon_sur_40.3365346_-3.8385131.jpg</path>
	<source>
		<database>Unknown</database>
	</source>
	<size>
		<width>640</width>
		<height>640</height>
		<depth>3</depth>
	</size>
	<segmented>0</segmented>
	<object>
		<name>piscina</name>
		<pose>Unspecified</pose>
		<truncated>0</truncated>
		<difficult>0</difficult>
		<bndbox>
			<xmin>497</xmin>
			<ymin>363</ymin>
			<xmax>548</xmax>
			<ymax>410</ymax>
		</bndbox>
	</object>
	<object>
		<name>piscina</name>
		<pose>Unspecified</pose>
		<truncated>0</truncated>
		<difficult>0</difficult>
		<bndbox>
			<xmin>390</xmin>
			<ymin>594</ymin>
			<xmax>417</xmax>
			<ymax>631</ymax>
		</bndbox>
	</object>
	<object>
		<name>piscina</name>
		<pose>Unspecified</pose>
		<truncated>0</truncated>
		<difficult>0</difficult>
		<bndbox>
			<xmin>145</xmin>
			<ymin>469</ymin>
			<xmax>169</xmax>
			<ymax>486</ymax>
		</bndbox>
	</object>
	<object>
		<name>piscina</name>
		<pose>Unspecified</pose>
		<truncated>0</truncated>
		<difficult>0</difficult>
		<bndbox>
			<xmin>194</xmin>
			<ymin>492</ymin>
			<xmax>213</xmax>
			<ymax>512</ymax>
		</bndbox>
	</object>
	<object>
		<name>piscina</name>
		<pose>Unspecified</pose>
		<truncated>0</truncated>
		<difficult>0</difficult>
		<bndbox>
			<xmin>225</xmin>
			<ymin>492</ymin>
			<xmax>241</xmax>
			<ymax>504</ymax>
		</bndbox>
	</object>
	<object>
		<name>piscina</name>
		<pose>Unspecified</pose>
		<truncated>0</truncated>
		<difficult>0</difficult>
		<bndbox>
			<xmin>288</xmin>
			<ymin>536</ymin>
			<xmax>306</xmax>
			<ymax>549</ymax>
		</bndbox>
	</object>
	<object>
		<name>piscina</name>
		<pose>Unspecified</pose>
		<truncated>0</truncated>
		<difficult>0</difficult>
		<bndbox>
			<xmin>294</xmin>
			<ymin>528</ymin>
			<xmax>311</xmax>
			<ymax>539</ymax>
		</bndbox>
	</object>
	<object>
		<name>piscina</name>
		<pose>Unspecified</pose>
		<truncated>0</truncated>
		<difficult>0</difficult>
		<bndbox>
			<xmin>79</xmin>
			<ymin>442</ymin>
			<xmax>94</xmax>
			<ymax>457</ymax>
		</bndbox>
	</object>
	<object>
		<name>piscina</name>
		<pose>Unspecified</pose>
		<truncated>0</truncated>
		<difficult>0</difficult>
		<bndbox>
			<xmin>201</xmin>
			<ymin>365</ymin>
			<xmax>217</xmax>
			<ymax>375</ymax>
		</bndbox>
	</object>
	<object>
		<name>piscina</name>
		<pose>Unspecified</pose>
		<truncated>0</truncated>
		<difficult>0</difficult>
		<bndbox>
			<xmin>193</xmin>
			<ymin>375</ymin>
			<xmax>211</xmax>
			<ymax>387</ymax>
		</bndbox>
	</object>
	<object>
		<name>piscina</name>
		<pose>Unspecified</pose>
		<truncated>0</truncated>
		<difficult>0</difficult>
		<bndbox>
			<xmin>258</xmin>
			<ymin>400</ymin>
			<xmax>276</xmax>
			<ymax>416</ymax>
		</bndbox>
	</object>
	<object>
		<name>piscina</name>
		<pose>Unspecified</pose>
		<truncated>0</truncated>
		<difficult>0</difficult>
		<bndbox>
			<xmin>456</xmin>
			<ymin>100</ymin>
			<xmax>476</xmax>
			<ymax>123</ymax>
		</bndbox>
	</object>
	<object>
		<name>piscina</name>
		<pose>Unspecified</pose>
		<truncated>0</truncated>
		<difficult>0</difficult>
		<bndbox>
			<xmin>495</xmin>
			<ymin>59</ymin>
			<xmax>516</xmax>
			<ymax>85</ymax>
		</bndbox>
	</object>
</annotation>
