<annotation>
	<folder>downloaded_v2</folder>
	<filename>alcorcon_sur_40.3338646_-3.8420231.jpg</filename>
	<path>C:\Users\Public\Pictures\downloaded_v2\alcorcon_sur_40.3338646_-3.8420231.jpg</path>
	<source>
		<database>Unknown</database>
	</source>
	<size>
		<width>640</width>
		<height>640</height>
		<depth>3</depth>
	</size>
	<segmented>0</segmented>
	<object>
		<name>piscina</name>
		<pose>Unspecified</pose>
		<truncated>0</truncated>
		<difficult>0</difficult>
		<bndbox>
			<xmin>474</xmin>
			<ymin>271</ymin>
			<xmax>501</xmax>
			<ymax>292</ymax>
		</bndbox>
	</object>
	<object>
		<name>piscina</name>
		<pose>Unspecified</pose>
		<truncated>0</truncated>
		<difficult>0</difficult>
		<bndbox>
			<xmin>257</xmin>
			<ymin>469</ymin>
			<xmax>281</xmax>
			<ymax>504</ymax>
		</bndbox>
	</object>
	<object>
		<name>piscina</name>
		<pose>Unspecified</pose>
		<truncated>0</truncated>
		<difficult>0</difficult>
		<bndbox>
			<xmin>262</xmin>
			<ymin>593</ymin>
			<xmax>282</xmax>
			<ymax>620</ymax>
		</bndbox>
	</object>
	<object>
		<name>rotonda</name>
		<pose>Unspecified</pose>
		<truncated>0</truncated>
		<difficult>0</difficult>
		<bndbox>
			<xmin>280</xmin>
			<ymin>328</ymin>
			<xmax>363</xmax>
			<ymax>459</ymax>
		</bndbox>
	</object>
	<object>
		<name>piscina</name>
		<pose>Unspecified</pose>
		<truncated>0</truncated>
		<difficult>0</difficult>
		<bndbox>
			<xmin>412</xmin>
			<ymin>265</ymin>
			<xmax>434</xmax>
			<ymax>280</ymax>
		</bndbox>
	</object>
</annotation>
