<annotation>
	<folder>downloaded_v2</folder>
	<filename>fuenlabrada_noroeste_40.2973634_-3.8402564.jpg</filename>
	<path>C:\Users\Public\Pictures\downloaded_v2\fuenlabrada_noroeste_40.2973634_-3.8402564.jpg</path>
	<source>
		<database>Unknown</database>
	</source>
	<size>
		<width>640</width>
		<height>640</height>
		<depth>3</depth>
	</size>
	<segmented>0</segmented>
	<object>
		<name>piscina</name>
		<pose>Unspecified</pose>
		<truncated>0</truncated>
		<difficult>0</difficult>
		<bndbox>
			<xmin>11</xmin>
			<ymin>221</ymin>
			<xmax>78</xmax>
			<ymax>256</ymax>
		</bndbox>
	</object>
	<object>
		<name>piscina</name>
		<pose>Unspecified</pose>
		<truncated>0</truncated>
		<difficult>0</difficult>
		<bndbox>
			<xmin>388</xmin>
			<ymin>63</ymin>
			<xmax>414</xmax>
			<ymax>102</ymax>
		</bndbox>
	</object>
	<object>
		<name>piscina</name>
		<pose>Unspecified</pose>
		<truncated>0</truncated>
		<difficult>0</difficult>
		<bndbox>
			<xmin>388</xmin>
			<ymin>343</ymin>
			<xmax>417</xmax>
			<ymax>390</ymax>
		</bndbox>
	</object>
	<object>
		<name>rotonda</name>
		<pose>Unspecified</pose>
		<truncated>0</truncated>
		<difficult>0</difficult>
		<bndbox>
			<xmin>171</xmin>
			<ymin>447</ymin>
			<xmax>238</xmax>
			<ymax>517</ymax>
		</bndbox>
	</object>
	<object>
		<name>parking</name>
		<pose>Unspecified</pose>
		<truncated>0</truncated>
		<difficult>0</difficult>
		<bndbox>
			<xmin>469</xmin>
			<ymin>349</ymin>
			<xmax>553</xmax>
			<ymax>446</ymax>
		</bndbox>
	</object>
	<object>
		<name>parking</name>
		<pose>Unspecified</pose>
		<truncated>0</truncated>
		<difficult>0</difficult>
		<bndbox>
			<xmin>280</xmin>
			<ymin>177</ymin>
			<xmax>338</xmax>
			<ymax>267</ymax>
		</bndbox>
	</object>
</annotation>
