<annotation>
	<folder>downloaded_v2</folder>
	<filename>fuentelareyna_40.477143_-3.7240679.jpg</filename>
	<path>C:\Users\Public\Pictures\downloaded_v2\fuentelareyna_40.477143_-3.7240679.jpg</path>
	<source>
		<database>Unknown</database>
	</source>
	<size>
		<width>640</width>
		<height>640</height>
		<depth>3</depth>
	</size>
	<segmented>0</segmented>
	<object>
		<name>piscina</name>
		<pose>Unspecified</pose>
		<truncated>0</truncated>
		<difficult>0</difficult>
		<bndbox>
			<xmin>180</xmin>
			<ymin>125</ymin>
			<xmax>199</xmax>
			<ymax>151</ymax>
		</bndbox>
	</object>
	<object>
		<name>piscina</name>
		<pose>Unspecified</pose>
		<truncated>0</truncated>
		<difficult>0</difficult>
		<bndbox>
			<xmin>509</xmin>
			<ymin>208</ymin>
			<xmax>524</xmax>
			<ymax>244</ymax>
		</bndbox>
	</object>
	<object>
		<name>piscina</name>
		<pose>Unspecified</pose>
		<truncated>0</truncated>
		<difficult>0</difficult>
		<bndbox>
			<xmin>226</xmin>
			<ymin>286</ymin>
			<xmax>238</xmax>
			<ymax>306</ymax>
		</bndbox>
	</object>
	<object>
		<name>piscina</name>
		<pose>Unspecified</pose>
		<truncated>0</truncated>
		<difficult>0</difficult>
		<bndbox>
			<xmin>53</xmin>
			<ymin>344</ymin>
			<xmax>74</xmax>
			<ymax>354</ymax>
		</bndbox>
	</object>
	<object>
		<name>piscina</name>
		<pose>Unspecified</pose>
		<truncated>1</truncated>
		<difficult>0</difficult>
		<bndbox>
			<xmin>1</xmin>
			<ymin>419</ymin>
			<xmax>22</xmax>
			<ymax>432</ymax>
		</bndbox>
	</object>
	<object>
		<name>piscina</name>
		<pose>Unspecified</pose>
		<truncated>0</truncated>
		<difficult>0</difficult>
		<bndbox>
			<xmin>150</xmin>
			<ymin>401</ymin>
			<xmax>166</xmax>
			<ymax>418</ymax>
		</bndbox>
	</object>
	<object>
		<name>piscina</name>
		<pose>Unspecified</pose>
		<truncated>0</truncated>
		<difficult>0</difficult>
		<bndbox>
			<xmin>24</xmin>
			<ymin>448</ymin>
			<xmax>46</xmax>
			<ymax>463</ymax>
		</bndbox>
	</object>
	<object>
		<name>piscina</name>
		<pose>Unspecified</pose>
		<truncated>0</truncated>
		<difficult>0</difficult>
		<bndbox>
			<xmin>86</xmin>
			<ymin>477</ymin>
			<xmax>109</xmax>
			<ymax>499</ymax>
		</bndbox>
	</object>
	<object>
		<name>piscina</name>
		<pose>Unspecified</pose>
		<truncated>0</truncated>
		<difficult>0</difficult>
		<bndbox>
			<xmin>373</xmin>
			<ymin>405</ymin>
			<xmax>392</xmax>
			<ymax>418</ymax>
		</bndbox>
	</object>
	<object>
		<name>piscina</name>
		<pose>Unspecified</pose>
		<truncated>0</truncated>
		<difficult>0</difficult>
		<bndbox>
			<xmin>303</xmin>
			<ymin>588</ymin>
			<xmax>317</xmax>
			<ymax>604</ymax>
		</bndbox>
	</object>
	<object>
		<name>piscina</name>
		<pose>Unspecified</pose>
		<truncated>0</truncated>
		<difficult>0</difficult>
		<bndbox>
			<xmin>465</xmin>
			<ymin>533</ymin>
			<xmax>478</xmax>
			<ymax>544</ymax>
		</bndbox>
	</object>
	<object>
		<name>piscina</name>
		<pose>Unspecified</pose>
		<truncated>0</truncated>
		<difficult>0</difficult>
		<bndbox>
			<xmin>472</xmin>
			<ymin>565</ymin>
			<xmax>482</xmax>
			<ymax>581</ymax>
		</bndbox>
	</object>
	<object>
		<name>piscina</name>
		<pose>Unspecified</pose>
		<truncated>0</truncated>
		<difficult>0</difficult>
		<bndbox>
			<xmin>549</xmin>
			<ymin>605</ymin>
			<xmax>577</xmax>
			<ymax>622</ymax>
		</bndbox>
	</object>
	<object>
		<name>piscina</name>
		<pose>Unspecified</pose>
		<truncated>0</truncated>
		<difficult>0</difficult>
		<bndbox>
			<xmin>91</xmin>
			<ymin>238</ymin>
			<xmax>108</xmax>
			<ymax>254</ymax>
		</bndbox>
	</object>
	<object>
		<name>piscina</name>
		<pose>Unspecified</pose>
		<truncated>0</truncated>
		<difficult>0</difficult>
		<bndbox>
			<xmin>246</xmin>
			<ymin>135</ymin>
			<xmax>272</xmax>
			<ymax>155</ymax>
		</bndbox>
	</object>
	<object>
		<name>piscina</name>
		<pose>Unspecified</pose>
		<truncated>0</truncated>
		<difficult>0</difficult>
		<bndbox>
			<xmin>438</xmin>
			<ymin>167</ymin>
			<xmax>450</xmax>
			<ymax>184</ymax>
		</bndbox>
	</object>
	<object>
		<name>piscina</name>
		<pose>Unspecified</pose>
		<truncated>0</truncated>
		<difficult>0</difficult>
		<bndbox>
			<xmin>61</xmin>
			<ymin>460</ymin>
			<xmax>90</xmax>
			<ymax>479</ymax>
		</bndbox>
	</object>
	<object>
		<name>piscina</name>
		<pose>Unspecified</pose>
		<truncated>0</truncated>
		<difficult>0</difficult>
		<bndbox>
			<xmin>18</xmin>
			<ymin>464</ymin>
			<xmax>32</xmax>
			<ymax>482</ymax>
		</bndbox>
	</object>
	<object>
		<name>piscina</name>
		<pose>Unspecified</pose>
		<truncated>0</truncated>
		<difficult>0</difficult>
		<bndbox>
			<xmin>86</xmin>
			<ymin>566</ymin>
			<xmax>109</xmax>
			<ymax>583</ymax>
		</bndbox>
	</object>
	<object>
		<name>piscina</name>
		<pose>Unspecified</pose>
		<truncated>0</truncated>
		<difficult>0</difficult>
		<bndbox>
			<xmin>65</xmin>
			<ymin>620</ymin>
			<xmax>84</xmax>
			<ymax>631</ymax>
		</bndbox>
	</object>
</annotation>
