<annotation>
	<folder>downloaded_v2</folder>
	<filename>fuenlabrada_noroeste_40.3000334_-3.8402564.jpg</filename>
	<path>C:\Users\Public\Pictures\downloaded_v2\fuenlabrada_noroeste_40.3000334_-3.8402564.jpg</path>
	<source>
		<database>Unknown</database>
	</source>
	<size>
		<width>640</width>
		<height>640</height>
		<depth>3</depth>
	</size>
	<segmented>0</segmented>
	<object>
		<name>piscina</name>
		<pose>Unspecified</pose>
		<truncated>0</truncated>
		<difficult>0</difficult>
		<bndbox>
			<xmin>35</xmin>
			<ymin>332</ymin>
			<xmax>78</xmax>
			<ymax>393</ymax>
		</bndbox>
	</object>
	<object>
		<name>piscina</name>
		<pose>Unspecified</pose>
		<truncated>0</truncated>
		<difficult>0</difficult>
		<bndbox>
			<xmin>451</xmin>
			<ymin>252</ymin>
			<xmax>536</xmax>
			<ymax>292</ymax>
		</bndbox>
	</object>
	<object>
		<name>piscina</name>
		<pose>Unspecified</pose>
		<truncated>0</truncated>
		<difficult>0</difficult>
		<bndbox>
			<xmin>601</xmin>
			<ymin>119</ymin>
			<xmax>619</xmax>
			<ymax>133</ymax>
		</bndbox>
	</object>
	<object>
		<name>piscina</name>
		<pose>Unspecified</pose>
		<truncated>0</truncated>
		<difficult>0</difficult>
		<bndbox>
			<xmin>607</xmin>
			<ymin>235</ymin>
			<xmax>618</xmax>
			<ymax>246</ymax>
		</bndbox>
	</object>
	<object>
		<name>rotonda</name>
		<pose>Unspecified</pose>
		<truncated>0</truncated>
		<difficult>0</difficult>
		<bndbox>
			<xmin>164</xmin>
			<ymin>71</ymin>
			<xmax>222</xmax>
			<ymax>131</ymax>
		</bndbox>
	</object>
	<object>
		<name>rotonda</name>
		<pose>Unspecified</pose>
		<truncated>1</truncated>
		<difficult>0</difficult>
		<bndbox>
			<xmin>125</xmin>
			<ymin>586</ymin>
			<xmax>190</xmax>
			<ymax>640</ymax>
		</bndbox>
	</object>
</annotation>
