<annotation>
	<folder>downloaded_v2</folder>
	<filename>fuenlabrada_noroeste_40.3000334_-3.8367464.jpg</filename>
	<path>C:\Users\Public\Pictures\downloaded_v2\fuenlabrada_noroeste_40.3000334_-3.8367464.jpg</path>
	<source>
		<database>Unknown</database>
	</source>
	<size>
		<width>640</width>
		<height>640</height>
		<depth>3</depth>
	</size>
	<segmented>0</segmented>
	<object>
		<name>piscina</name>
		<pose>Unspecified</pose>
		<truncated>0</truncated>
		<difficult>0</difficult>
		<bndbox>
			<xmin>363</xmin>
			<ymin>249</ymin>
			<xmax>454</xmax>
			<ymax>292</ymax>
		</bndbox>
	</object>
	<object>
		<name>piscina</name>
		<pose>Unspecified</pose>
		<truncated>0</truncated>
		<difficult>0</difficult>
		<bndbox>
			<xmin>522</xmin>
			<ymin>492</ymin>
			<xmax>535</xmax>
			<ymax>513</ymax>
		</bndbox>
	</object>
</annotation>
