<annotation>
	<folder>downloaded</folder>
	<filename>leganes_derecha_abajo_2_40.3007289_-3.7513294.jpg</filename>
	<path>C:\Users\Public\Pictures\downloaded\leganes_derecha_abajo_2_40.3007289_-3.7513294.jpg</path>
	<source>
		<database>Unknown</database>
	</source>
	<size>
		<width>640</width>
		<height>640</height>
		<depth>3</depth>
	</size>
	<segmented>0</segmented>
	<object>
		<name>piscina</name>
		<pose>Unspecified</pose>
		<truncated>0</truncated>
		<difficult>0</difficult>
		<bndbox>
			<xmin>244</xmin>
			<ymin>159</ymin>
			<xmax>278</xmax>
			<ymax>188</ymax>
		</bndbox>
	</object>
	<object>
		<name>piscina</name>
		<pose>Unspecified</pose>
		<truncated>0</truncated>
		<difficult>0</difficult>
		<bndbox>
			<xmin>96</xmin>
			<ymin>446</ymin>
			<xmax>149</xmax>
			<ymax>497</ymax>
		</bndbox>
	</object>
	<object>
		<name>piscina</name>
		<pose>Unspecified</pose>
		<truncated>0</truncated>
		<difficult>0</difficult>
		<bndbox>
			<xmin>440</xmin>
			<ymin>486</ymin>
			<xmax>485</xmax>
			<ymax>523</ymax>
		</bndbox>
	</object>
	<object>
		<name>piscina</name>
		<pose>Unspecified</pose>
		<truncated>0</truncated>
		<difficult>0</difficult>
		<bndbox>
			<xmin>359</xmin>
			<ymin>343</ymin>
			<xmax>383</xmax>
			<ymax>360</ymax>
		</bndbox>
	</object>
</annotation>
