<annotation>
	<folder>downloaded</folder>
	<filename>leganes_izq1_40.3408044_-3.7729216.jpg</filename>
	<path>C:\Users\Public\Pictures\downloaded\leganes_izq1_40.3408044_-3.7729216.jpg</path>
	<source>
		<database>Unknown</database>
	</source>
	<size>
		<width>640</width>
		<height>640</height>
		<depth>3</depth>
	</size>
	<segmented>0</segmented>
	<object>
		<name>piscina</name>
		<pose>Unspecified</pose>
		<truncated>0</truncated>
		<difficult>0</difficult>
		<bndbox>
			<xmin>143</xmin>
			<ymin>483</ymin>
			<xmax>207</xmax>
			<ymax>513</ymax>
		</bndbox>
	</object>
	<object>
		<name>piscina</name>
		<pose>Unspecified</pose>
		<truncated>0</truncated>
		<difficult>0</difficult>
		<bndbox>
			<xmin>463</xmin>
			<ymin>434</ymin>
			<xmax>499</xmax>
			<ymax>457</ymax>
		</bndbox>
	</object>
</annotation>
