<annotation>
	<folder>downloaded</folder>
	<filename>leganes_parkings _40.3297243_-3.7317791.jpg</filename>
	<path>C:\Users\Public\Pictures\downloaded\leganes_parkings _40.3297243_-3.7317791.jpg</path>
	<source>
		<database>Unknown</database>
	</source>
	<size>
		<width>640</width>
		<height>640</height>
		<depth>3</depth>
	</size>
	<segmented>0</segmented>
	<object>
		<name>piscina</name>
		<pose>Unspecified</pose>
		<truncated>0</truncated>
		<difficult>0</difficult>
		<bndbox>
			<xmin>142</xmin>
			<ymin>224</ymin>
			<xmax>188</xmax>
			<ymax>263</ymax>
		</bndbox>
	</object>
	<object>
		<name>piscina</name>
		<pose>Unspecified</pose>
		<truncated>0</truncated>
		<difficult>0</difficult>
		<bndbox>
			<xmin>33</xmin>
			<ymin>162</ymin>
			<xmax>85</xmax>
			<ymax>192</ymax>
		</bndbox>
	</object>
	<object>
		<name>rotonda</name>
		<pose>Unspecified</pose>
		<truncated>0</truncated>
		<difficult>0</difficult>
		<bndbox>
			<xmin>342</xmin>
			<ymin>223</ymin>
			<xmax>499</xmax>
			<ymax>373</ymax>
		</bndbox>
	</object>
	<object>
		<name>piscina</name>
		<pose>Unspecified</pose>
		<truncated>0</truncated>
		<difficult>0</difficult>
		<bndbox>
			<xmin>426</xmin>
			<ymin>502</ymin>
			<xmax>460</xmax>
			<ymax>558</ymax>
		</bndbox>
	</object>
	<object>
		<name>rotonda</name>
		<pose>Unspecified</pose>
		<truncated>0</truncated>
		<difficult>0</difficult>
		<bndbox>
			<xmin>552</xmin>
			<ymin>254</ymin>
			<xmax>577</xmax>
			<ymax>280</ymax>
		</bndbox>
	</object>
</annotation>
