<annotation>
	<folder>downloaded</folder>
	<filename>leganes_derecha_abajo_2_40.3033989_-3.7513294.jpg</filename>
	<path>C:\Users\Public\Pictures\downloaded\leganes_derecha_abajo_2_40.3033989_-3.7513294.jpg</path>
	<source>
		<database>Unknown</database>
	</source>
	<size>
		<width>640</width>
		<height>640</height>
		<depth>3</depth>
	</size>
	<segmented>0</segmented>
	<object>
		<name>rotonda</name>
		<pose>Unspecified</pose>
		<truncated>0</truncated>
		<difficult>0</difficult>
		<bndbox>
			<xmin>281</xmin>
			<ymin>11</ymin>
			<xmax>358</xmax>
			<ymax>85</ymax>
		</bndbox>
	</object>
</annotation>
