<annotation>
	<folder>downloaded</folder>
	<filename>leganes_izq1_40.3408044_-3.7764316.jpg</filename>
	<path>C:\Users\Public\Pictures\downloaded\leganes_izq1_40.3408044_-3.7764316.jpg</path>
	<source>
		<database>Unknown</database>
	</source>
	<size>
		<width>640</width>
		<height>640</height>
		<depth>3</depth>
	</size>
	<segmented>0</segmented>
	<object>
		<name>piscina</name>
		<pose>Unspecified</pose>
		<truncated>0</truncated>
		<difficult>0</difficult>
		<bndbox>
			<xmin>396</xmin>
			<ymin>119</ymin>
			<xmax>432</xmax>
			<ymax>148</ymax>
		</bndbox>
	</object>
	<object>
		<name>piscina</name>
		<pose>Unspecified</pose>
		<truncated>0</truncated>
		<difficult>0</difficult>
		<bndbox>
			<xmin>324</xmin>
			<ymin>554</ymin>
			<xmax>367</xmax>
			<ymax>588</ymax>
		</bndbox>
	</object>
</annotation>
