<annotation>
	<folder>downloaded</folder>
	<filename>leganes_izq1_40.3381344_-3.7834516.jpg</filename>
	<path>C:\Users\Public\Pictures\downloaded\leganes_izq1_40.3381344_-3.7834516.jpg</path>
	<source>
		<database>Unknown</database>
	</source>
	<size>
		<width>640</width>
		<height>640</height>
		<depth>3</depth>
	</size>
	<segmented>0</segmented>
	<object>
		<name>piscina</name>
		<pose>Unspecified</pose>
		<truncated>0</truncated>
		<difficult>0</difficult>
		<bndbox>
			<xmin>403</xmin>
			<ymin>123</ymin>
			<xmax>442</xmax>
			<ymax>167</ymax>
		</bndbox>
	</object>
	<object>
		<name>piscina</name>
		<pose>Unspecified</pose>
		<truncated>0</truncated>
		<difficult>0</difficult>
		<bndbox>
			<xmin>572</xmin>
			<ymin>217</ymin>
			<xmax>613</xmax>
			<ymax>252</ymax>
		</bndbox>
	</object>
	<object>
		<name>piscina</name>
		<pose>Unspecified</pose>
		<truncated>0</truncated>
		<difficult>0</difficult>
		<bndbox>
			<xmin>223</xmin>
			<ymin>377</ymin>
			<xmax>268</xmax>
			<ymax>418</ymax>
		</bndbox>
	</object>
</annotation>
