<annotation>
	<folder>downloaded</folder>
	<filename>leganes_derecha_abajo _40.3312774_-3.7274582.jpg</filename>
	<path>C:\Users\Public\Pictures\downloaded\leganes_derecha_abajo _40.3312774_-3.7274582.jpg</path>
	<source>
		<database>Unknown</database>
	</source>
	<size>
		<width>640</width>
		<height>640</height>
		<depth>3</depth>
	</size>
	<segmented>0</segmented>
	<object>
		<name>rotonda</name>
		<pose>Unspecified</pose>
		<truncated>0</truncated>
		<difficult>0</difficult>
		<bndbox>
			<xmin>105</xmin>
			<ymin>235</ymin>
			<xmax>194</xmax>
			<ymax>330</ymax>
		</bndbox>
	</object>
	<object>
		<name>rotonda</name>
		<pose>Unspecified</pose>
		<truncated>1</truncated>
		<difficult>0</difficult>
		<bndbox>
			<xmin>513</xmin>
			<ymin>390</ymin>
			<xmax>640</xmax>
			<ymax>552</ymax>
		</bndbox>
	</object>
</annotation>
