<annotation>
	<folder>downloaded</folder>
	<filename>leganes_izq1_40.3354644_-3.7729216.jpg</filename>
	<path>C:\Users\Public\Pictures\downloaded\leganes_izq1_40.3354644_-3.7729216.jpg</path>
	<source>
		<database>Unknown</database>
	</source>
	<size>
		<width>640</width>
		<height>640</height>
		<depth>3</depth>
	</size>
	<segmented>0</segmented>
	<object>
		<name>rotonda</name>
		<pose>Unspecified</pose>
		<truncated>0</truncated>
		<difficult>0</difficult>
		<bndbox>
			<xmin>321</xmin>
			<ymin>163</ymin>
			<xmax>371</xmax>
			<ymax>209</ymax>
		</bndbox>
	</object>
</annotation>
