<annotation>
	<folder>downloaded</folder>
	<filename>leganes_parkings _40.3297243_-3.7387991.jpg</filename>
	<path>C:\Users\Public\Pictures\downloaded\leganes_parkings _40.3297243_-3.7387991.jpg</path>
	<source>
		<database>Unknown</database>
	</source>
	<size>
		<width>640</width>
		<height>640</height>
		<depth>3</depth>
	</size>
	<segmented>0</segmented>
	<object>
		<name>parking</name>
		<pose>Unspecified</pose>
		<truncated>0</truncated>
		<difficult>0</difficult>
		<bndbox>
			<xmin>512</xmin>
			<ymin>240</ymin>
			<xmax>565</xmax>
			<ymax>298</ymax>
		</bndbox>
	</object>
	<object>
		<name>parking</name>
		<pose>Unspecified</pose>
		<truncated>0</truncated>
		<difficult>0</difficult>
		<bndbox>
			<xmin>461</xmin>
			<ymin>285</ymin>
			<xmax>522</xmax>
			<ymax>345</ymax>
		</bndbox>
	</object>
</annotation>
