<annotation>
	<folder>downloaded</folder>
	<filename>leganes_parkings _40.3404043_-3.7352891.jpg</filename>
	<path>C:\Users\Public\Pictures\downloaded\leganes_parkings _40.3404043_-3.7352891.jpg</path>
	<source>
		<database>Unknown</database>
	</source>
	<size>
		<width>640</width>
		<height>640</height>
		<depth>3</depth>
	</size>
	<segmented>0</segmented>
	<object>
		<name>parking</name>
		<pose>Unspecified</pose>
		<truncated>1</truncated>
		<difficult>0</difficult>
		<bndbox>
			<xmin>1</xmin>
			<ymin>461</ymin>
			<xmax>64</xmax>
			<ymax>540</ymax>
		</bndbox>
	</object>
	<object>
		<name>parking</name>
		<pose>Unspecified</pose>
		<truncated>0</truncated>
		<difficult>0</difficult>
		<bndbox>
			<xmin>5</xmin>
			<ymin>545</ymin>
			<xmax>93</xmax>
			<ymax>626</ymax>
		</bndbox>
	</object>
	<object>
		<name>parking</name>
		<pose>Unspecified</pose>
		<truncated>1</truncated>
		<difficult>0</difficult>
		<bndbox>
			<xmin>1</xmin>
			<ymin>411</ymin>
			<xmax>55</xmax>
			<ymax>467</ymax>
		</bndbox>
	</object>
	<object>
		<name>parking</name>
		<pose>Unspecified</pose>
		<truncated>0</truncated>
		<difficult>0</difficult>
		<bndbox>
			<xmin>43</xmin>
			<ymin>197</ymin>
			<xmax>113</xmax>
			<ymax>240</ymax>
		</bndbox>
	</object>
</annotation>
