<annotation>
	<folder>downloaded</folder>
	<filename>leganes_derecha_abajo_2_40.2980589_-3.7478194.jpg</filename>
	<path>C:\Users\Public\Pictures\downloaded\leganes_derecha_abajo_2_40.2980589_-3.7478194.jpg</path>
	<source>
		<database>Unknown</database>
	</source>
	<size>
		<width>640</width>
		<height>640</height>
		<depth>3</depth>
	</size>
	<segmented>0</segmented>
	<object>
		<name>piscina</name>
		<pose>Unspecified</pose>
		<truncated>0</truncated>
		<difficult>0</difficult>
		<bndbox>
			<xmin>105</xmin>
			<ymin>39</ymin>
			<xmax>180</xmax>
			<ymax>121</ymax>
		</bndbox>
	</object>
	<object>
		<name>parking</name>
		<pose>Unspecified</pose>
		<truncated>0</truncated>
		<difficult>0</difficult>
		<bndbox>
			<xmin>278</xmin>
			<ymin>327</ymin>
			<xmax>336</xmax>
			<ymax>391</ymax>
		</bndbox>
	</object>
	<object>
		<name>parking</name>
		<pose>Unspecified</pose>
		<truncated>1</truncated>
		<difficult>0</difficult>
		<bndbox>
			<xmin>299</xmin>
			<ymin>583</ymin>
			<xmax>359</xmax>
			<ymax>640</ymax>
		</bndbox>
	</object>
	<object>
		<name>parking</name>
		<pose>Unspecified</pose>
		<truncated>0</truncated>
		<difficult>0</difficult>
		<bndbox>
			<xmin>354</xmin>
			<ymin>563</ymin>
			<xmax>405</xmax>
			<ymax>604</ymax>
		</bndbox>
	</object>
	<object>
		<name>parking</name>
		<pose>Unspecified</pose>
		<truncated>0</truncated>
		<difficult>0</difficult>
		<bndbox>
			<xmin>359</xmin>
			<ymin>590</ymin>
			<xmax>415</xmax>
			<ymax>633</ymax>
		</bndbox>
	</object>
	<object>
		<name>parking</name>
		<pose>Unspecified</pose>
		<truncated>0</truncated>
		<difficult>0</difficult>
		<bndbox>
			<xmin>396</xmin>
			<ymin>570</ymin>
			<xmax>455</xmax>
			<ymax>623</ymax>
		</bndbox>
	</object>
	<object>
		<name>parking</name>
		<pose>Unspecified</pose>
		<truncated>0</truncated>
		<difficult>0</difficult>
		<bndbox>
			<xmin>326</xmin>
			<ymin>565</ymin>
			<xmax>382</xmax>
			<ymax>613</ymax>
		</bndbox>
	</object>
	<object>
		<name>piscina</name>
		<pose>Unspecified</pose>
		<truncated>0</truncated>
		<difficult>0</difficult>
		<bndbox>
			<xmin>2</xmin>
			<ymin>556</ymin>
			<xmax>28</xmax>
			<ymax>571</ymax>
		</bndbox>
	</object>
</annotation>
