<annotation>
	<folder>downloaded</folder>
	<filename>leganes_izq1_40.3434744_-3.7799416.jpg</filename>
	<path>C:\Users\Public\Pictures\downloaded\leganes_izq1_40.3434744_-3.7799416.jpg</path>
	<source>
		<database>Unknown</database>
	</source>
	<size>
		<width>640</width>
		<height>640</height>
		<depth>3</depth>
	</size>
	<segmented>0</segmented>
	<object>
		<name>piscina</name>
		<pose>Unspecified</pose>
		<truncated>0</truncated>
		<difficult>0</difficult>
		<bndbox>
			<xmin>108</xmin>
			<ymin>152</ymin>
			<xmax>167</xmax>
			<ymax>190</ymax>
		</bndbox>
	</object>
	<object>
		<name>piscina</name>
		<pose>Unspecified</pose>
		<truncated>0</truncated>
		<difficult>0</difficult>
		<bndbox>
			<xmin>401</xmin>
			<ymin>351</ymin>
			<xmax>441</xmax>
			<ymax>396</ymax>
		</bndbox>
	</object>
	<object>
		<name>piscina</name>
		<pose>Unspecified</pose>
		<truncated>0</truncated>
		<difficult>0</difficult>
		<bndbox>
			<xmin>515</xmin>
			<ymin>68</ymin>
			<xmax>567</xmax>
			<ymax>98</ymax>
		</bndbox>
	</object>
	<object>
		<name>piscina</name>
		<pose>Unspecified</pose>
		<truncated>0</truncated>
		<difficult>0</difficult>
		<bndbox>
			<xmin>282</xmin>
			<ymin>523</ymin>
			<xmax>299</xmax>
			<ymax>538</ymax>
		</bndbox>
	</object>
	<object>
		<name>piscina</name>
		<pose>Unspecified</pose>
		<truncated>0</truncated>
		<difficult>0</difficult>
		<bndbox>
			<xmin>587</xmin>
			<ymin>609</ymin>
			<xmax>605</xmax>
			<ymax>626</ymax>
		</bndbox>
	</object>
</annotation>
