<annotation>
	<folder>downloaded</folder>
	<filename>leganes_izq1_40.3434744_-3.7729216.jpg</filename>
	<path>C:\Users\Public\Pictures\downloaded\leganes_izq1_40.3434744_-3.7729216.jpg</path>
	<source>
		<database>Unknown</database>
	</source>
	<size>
		<width>640</width>
		<height>640</height>
		<depth>3</depth>
	</size>
	<segmented>0</segmented>
	<object>
		<name>piscina</name>
		<pose>Unspecified</pose>
		<truncated>0</truncated>
		<difficult>0</difficult>
		<bndbox>
			<xmin>455</xmin>
			<ymin>179</ymin>
			<xmax>516</xmax>
			<ymax>219</ymax>
		</bndbox>
	</object>
	<object>
		<name>piscina</name>
		<pose>Unspecified</pose>
		<truncated>0</truncated>
		<difficult>0</difficult>
		<bndbox>
			<xmin>349</xmin>
			<ymin>369</ymin>
			<xmax>390</xmax>
			<ymax>401</ymax>
		</bndbox>
	</object>
	<object>
		<name>piscina</name>
		<pose>Unspecified</pose>
		<truncated>0</truncated>
		<difficult>0</difficult>
		<bndbox>
			<xmin>55</xmin>
			<ymin>221</ymin>
			<xmax>114</xmax>
			<ymax>250</ymax>
		</bndbox>
	</object>
	<object>
		<name>piscina</name>
		<pose>Unspecified</pose>
		<truncated>0</truncated>
		<difficult>0</difficult>
		<bndbox>
			<xmin>76</xmin>
			<ymin>595</ymin>
			<xmax>123</xmax>
			<ymax>638</ymax>
		</bndbox>
	</object>
</annotation>
