<annotation>
	<folder>downloaded</folder>
	<filename>Madrid_norte_2_40.5566339_-3.6183972.jpg</filename>
	<path>C:\Users\Public\Pictures\downloaded\Madrid_norte_2_40.5566339_-3.6183972.jpg</path>
	<source>
		<database>Unknown</database>
	</source>
	<size>
		<width>640</width>
		<height>640</height>
		<depth>3</depth>
	</size>
	<segmented>0</segmented>
	<object>
		<name>parking</name>
		<pose>Unspecified</pose>
		<truncated>0</truncated>
		<difficult>0</difficult>
		<bndbox>
			<xmin>105</xmin>
			<ymin>319</ymin>
			<xmax>199</xmax>
			<ymax>400</ymax>
		</bndbox>
	</object>
	<object>
		<name>parking</name>
		<pose>Unspecified</pose>
		<truncated>0</truncated>
		<difficult>0</difficult>
		<bndbox>
			<xmin>488</xmin>
			<ymin>513</ymin>
			<xmax>617</xmax>
			<ymax>617</ymax>
		</bndbox>
	</object>
	<object>
		<name>parking</name>
		<pose>Unspecified</pose>
		<truncated>0</truncated>
		<difficult>0</difficult>
		<bndbox>
			<xmin>555</xmin>
			<ymin>398</ymin>
			<xmax>630</xmax>
			<ymax>463</ymax>
		</bndbox>
	</object>
	<object>
		<name>parking</name>
		<pose>Unspecified</pose>
		<truncated>0</truncated>
		<difficult>0</difficult>
		<bndbox>
			<xmin>520</xmin>
			<ymin>467</ymin>
			<xmax>587</xmax>
			<ymax>517</ymax>
		</bndbox>
	</object>
	<object>
		<name>parking</name>
		<pose>Unspecified</pose>
		<truncated>0</truncated>
		<difficult>0</difficult>
		<bndbox>
			<xmin>171</xmin>
			<ymin>277</ymin>
			<xmax>249</xmax>
			<ymax>335</ymax>
		</bndbox>
	</object>
</annotation>
