<annotation>
	<folder>downloaded</folder>
	<filename>Madrid_norte_40.5503132_-3.6484352.jpg</filename>
	<path>C:\Users\Public\Pictures\downloaded\Madrid_norte_40.5503132_-3.6484352.jpg</path>
	<source>
		<database>Unknown</database>
	</source>
	<size>
		<width>640</width>
		<height>640</height>
		<depth>3</depth>
	</size>
	<segmented>0</segmented>
	<object>
		<name>parking</name>
		<pose>Unspecified</pose>
		<truncated>0</truncated>
		<difficult>0</difficult>
		<bndbox>
			<xmin>24</xmin>
			<ymin>145</ymin>
			<xmax>168</xmax>
			<ymax>313</ymax>
		</bndbox>
	</object>
	<object>
		<name>rotonda</name>
		<pose>Unspecified</pose>
		<truncated>0</truncated>
		<difficult>0</difficult>
		<bndbox>
			<xmin>465</xmin>
			<ymin>377</ymin>
			<xmax>533</xmax>
			<ymax>436</ymax>
		</bndbox>
	</object>
	<object>
		<name>parking</name>
		<pose>Unspecified</pose>
		<truncated>1</truncated>
		<difficult>0</difficult>
		<bndbox>
			<xmin>1</xmin>
			<ymin>1</ymin>
			<xmax>89</xmax>
			<ymax>90</ymax>
		</bndbox>
	</object>
</annotation>
