<annotation>
	<folder>downloaded</folder>
	<filename>Madrid_norte_2_40.5459539_-3.6113772.jpg</filename>
	<path>C:\Users\Public\Pictures\downloaded\Madrid_norte_2_40.5459539_-3.6113772.jpg</path>
	<source>
		<database>Unknown</database>
	</source>
	<size>
		<width>640</width>
		<height>640</height>
		<depth>3</depth>
	</size>
	<segmented>0</segmented>
	<object>
		<name>parking</name>
		<pose>Unspecified</pose>
		<truncated>0</truncated>
		<difficult>0</difficult>
		<bndbox>
			<xmin>276</xmin>
			<ymin>487</ymin>
			<xmax>418</xmax>
			<ymax>623</ymax>
		</bndbox>
	</object>
	<object>
		<name>parking</name>
		<pose>Unspecified</pose>
		<truncated>0</truncated>
		<difficult>0</difficult>
		<bndbox>
			<xmin>55</xmin>
			<ymin>475</ymin>
			<xmax>217</xmax>
			<ymax>611</ymax>
		</bndbox>
	</object>
	<object>
		<name>rotonda</name>
		<pose>Unspecified</pose>
		<truncated>1</truncated>
		<difficult>0</difficult>
		<bndbox>
			<xmin>458</xmin>
			<ymin>1</ymin>
			<xmax>568</xmax>
			<ymax>90</ymax>
		</bndbox>
	</object>
	<object>
		<name>parking</name>
		<pose>Unspecified</pose>
		<truncated>0</truncated>
		<difficult>0</difficult>
		<bndbox>
			<xmin>435</xmin>
			<ymin>302</ymin>
			<xmax>504</xmax>
			<ymax>398</ymax>
		</bndbox>
	</object>
</annotation>
