<annotation>
	<folder>downloaded</folder>
	<filename>Madrid_norte_40.5449732_-3.6624752.jpg</filename>
	<path>C:\Users\Public\Pictures\downloaded\Madrid_norte_40.5449732_-3.6624752.jpg</path>
	<source>
		<database>Unknown</database>
	</source>
	<size>
		<width>640</width>
		<height>640</height>
		<depth>3</depth>
	</size>
	<segmented>0</segmented>
	<object>
		<name>rotonda</name>
		<pose>Unspecified</pose>
		<truncated>0</truncated>
		<difficult>0</difficult>
		<bndbox>
			<xmin>378</xmin>
			<ymin>188</ymin>
			<xmax>499</xmax>
			<ymax>302</ymax>
		</bndbox>
	</object>
	<object>
		<name>parking</name>
		<pose>Unspecified</pose>
		<truncated>0</truncated>
		<difficult>0</difficult>
		<bndbox>
			<xmin>510</xmin>
			<ymin>446</ymin>
			<xmax>544</xmax>
			<ymax>501</ymax>
		</bndbox>
	</object>
</annotation>
