<annotation>
	<folder>downloaded</folder>
	<filename>Madrid_norte_2_40.5646439_-3.6078672.jpg</filename>
	<path>C:\Users\Public\Pictures\downloaded\Madrid_norte_2_40.5646439_-3.6078672.jpg</path>
	<source>
		<database>Unknown</database>
	</source>
	<size>
		<width>640</width>
		<height>640</height>
		<depth>3</depth>
	</size>
	<segmented>0</segmented>
	<object>
		<name>piscina</name>
		<pose>Unspecified</pose>
		<truncated>0</truncated>
		<difficult>0</difficult>
		<bndbox>
			<xmin>26</xmin>
			<ymin>252</ymin>
			<xmax>59</xmax>
			<ymax>301</ymax>
		</bndbox>
	</object>
	<object>
		<name>rotonda</name>
		<pose>Unspecified</pose>
		<truncated>1</truncated>
		<difficult>0</difficult>
		<bndbox>
			<xmin>530</xmin>
			<ymin>41</ymin>
			<xmax>640</xmax>
			<ymax>198</ymax>
		</bndbox>
	</object>
</annotation>
