<annotation>
	<folder>downloaded</folder>
	<filename>Madrid_norte_40.5476432_-3.6624752.jpg</filename>
	<path>C:\Users\Public\Pictures\downloaded\Madrid_norte_40.5476432_-3.6624752.jpg</path>
	<source>
		<database>Unknown</database>
	</source>
	<size>
		<width>640</width>
		<height>640</height>
		<depth>3</depth>
	</size>
	<segmented>0</segmented>
	<object>
		<name>piscina</name>
		<pose>Unspecified</pose>
		<truncated>0</truncated>
		<difficult>0</difficult>
		<bndbox>
			<xmin>569</xmin>
			<ymin>439</ymin>
			<xmax>615</xmax>
			<ymax>481</ymax>
		</bndbox>
	</object>
	<object>
		<name>rotonda</name>
		<pose>Unspecified</pose>
		<truncated>0</truncated>
		<difficult>0</difficult>
		<bndbox>
			<xmin>155</xmin>
			<ymin>2</ymin>
			<xmax>329</xmax>
			<ymax>127</ymax>
		</bndbox>
	</object>
	<object>
		<name>parking</name>
		<pose>Unspecified</pose>
		<truncated>0</truncated>
		<difficult>0</difficult>
		<bndbox>
			<xmin>391</xmin>
			<ymin>110</ymin>
			<xmax>472</xmax>
			<ymax>155</ymax>
		</bndbox>
	</object>
	<object>
		<name>parking</name>
		<pose>Unspecified</pose>
		<truncated>0</truncated>
		<difficult>0</difficult>
		<bndbox>
			<xmin>501</xmin>
			<ymin>6</ymin>
			<xmax>634</xmax>
			<ymax>63</ymax>
		</bndbox>
	</object>
</annotation>
