<annotation>
	<folder>downloaded</folder>
	<filename>Madrid_norte_40.5556532_-3.6519452.jpg</filename>
	<path>C:\Users\Public\Pictures\downloaded\Madrid_norte_40.5556532_-3.6519452.jpg</path>
	<source>
		<database>Unknown</database>
	</source>
	<size>
		<width>640</width>
		<height>640</height>
		<depth>3</depth>
	</size>
	<segmented>0</segmented>
	<object>
		<name>rotonda</name>
		<pose>Unspecified</pose>
		<truncated>0</truncated>
		<difficult>0</difficult>
		<bndbox>
			<xmin>34</xmin>
			<ymin>77</ymin>
			<xmax>166</xmax>
			<ymax>212</ymax>
		</bndbox>
	</object>
	<object>
		<name>piscina</name>
		<pose>Unspecified</pose>
		<truncated>0</truncated>
		<difficult>0</difficult>
		<bndbox>
			<xmin>524</xmin>
			<ymin>23</ymin>
			<xmax>571</xmax>
			<ymax>44</ymax>
		</bndbox>
	</object>
</annotation>
