<annotation>
	<folder>downloaded</folder>
	<filename>Madrid_norte_2_40.5512939_-3.6113772.jpg</filename>
	<path>C:\Users\Public\Pictures\downloaded\Madrid_norte_2_40.5512939_-3.6113772.jpg</path>
	<source>
		<database>Unknown</database>
	</source>
	<size>
		<width>640</width>
		<height>640</height>
		<depth>3</depth>
	</size>
	<segmented>0</segmented>
	<object>
		<name>rotonda</name>
		<pose>Unspecified</pose>
		<truncated>0</truncated>
		<difficult>0</difficult>
		<bndbox>
			<xmin>565</xmin>
			<ymin>44</ymin>
			<xmax>636</xmax>
			<ymax>113</ymax>
		</bndbox>
	</object>
</annotation>
