<annotation>
	<folder>downloaded</folder>
	<filename>Madrid_norte_2_40.5539639_-3.6148872.jpg</filename>
	<path>C:\Users\Public\Pictures\downloaded\Madrid_norte_2_40.5539639_-3.6148872.jpg</path>
	<source>
		<database>Unknown</database>
	</source>
	<size>
		<width>640</width>
		<height>640</height>
		<depth>3</depth>
	</size>
	<segmented>0</segmented>
	<object>
		<name>parking</name>
		<pose>Unspecified</pose>
		<truncated>0</truncated>
		<difficult>0</difficult>
		<bndbox>
			<xmin>521</xmin>
			<ymin>63</ymin>
			<xmax>578</xmax>
			<ymax>113</ymax>
		</bndbox>
	</object>
	<object>
		<name>parking</name>
		<pose>Unspecified</pose>
		<truncated>1</truncated>
		<difficult>0</difficult>
		<bndbox>
			<xmin>588</xmin>
			<ymin>112</ymin>
			<xmax>640</xmax>
			<ymax>153</ymax>
		</bndbox>
	</object>
</annotation>
