<annotation>
	<folder>downloaded</folder>
	<filename>Madrid_norte_40.5583232_-3.6624752.jpg</filename>
	<path>C:\Users\Public\Pictures\downloaded\Madrid_norte_40.5583232_-3.6624752.jpg</path>
	<source>
		<database>Unknown</database>
	</source>
	<size>
		<width>640</width>
		<height>640</height>
		<depth>3</depth>
	</size>
	<segmented>0</segmented>
	<object>
		<name>rotonda</name>
		<pose>Unspecified</pose>
		<truncated>0</truncated>
		<difficult>0</difficult>
		<bndbox>
			<xmin>384</xmin>
			<ymin>488</ymin>
			<xmax>466</xmax>
			<ymax>562</ymax>
		</bndbox>
	</object>
</annotation>
