<annotation>
	<folder>downloaded</folder>
	<filename>Madrid_norte_40.5503132_-3.6519452.jpg</filename>
	<path>C:\Users\Public\Pictures\downloaded\Madrid_norte_40.5503132_-3.6519452.jpg</path>
	<source>
		<database>Unknown</database>
	</source>
	<size>
		<width>640</width>
		<height>640</height>
		<depth>3</depth>
	</size>
	<segmented>0</segmented>
	<object>
		<name>piscina</name>
		<pose>Unspecified</pose>
		<truncated>0</truncated>
		<difficult>0</difficult>
		<bndbox>
			<xmin>314</xmin>
			<ymin>444</ymin>
			<xmax>345</xmax>
			<ymax>465</ymax>
		</bndbox>
	</object>
	<object>
		<name>piscina</name>
		<pose>Unspecified</pose>
		<truncated>0</truncated>
		<difficult>0</difficult>
		<bndbox>
			<xmin>153</xmin>
			<ymin>450</ymin>
			<xmax>178</xmax>
			<ymax>483</ymax>
		</bndbox>
	</object>
	<object>
		<name>piscina</name>
		<pose>Unspecified</pose>
		<truncated>0</truncated>
		<difficult>0</difficult>
		<bndbox>
			<xmin>169</xmin>
			<ymin>74</ymin>
			<xmax>192</xmax>
			<ymax>119</ymax>
		</bndbox>
	</object>
	<object>
		<name>rotonda</name>
		<pose>Unspecified</pose>
		<truncated>1</truncated>
		<difficult>0</difficult>
		<bndbox>
			<xmin>592</xmin>
			<ymin>344</ymin>
			<xmax>640</xmax>
			<ymax>413</ymax>
		</bndbox>
	</object>
</annotation>
