<annotation>
	<folder>downloaded</folder>
	<filename>Madrid_norte_40.5449732_-3.6484352.jpg</filename>
	<path>C:\Users\Public\Pictures\downloaded\Madrid_norte_40.5449732_-3.6484352.jpg</path>
	<source>
		<database>Unknown</database>
	</source>
	<size>
		<width>640</width>
		<height>640</height>
		<depth>3</depth>
	</size>
	<segmented>0</segmented>
	<object>
		<name>rotonda</name>
		<pose>Unspecified</pose>
		<truncated>0</truncated>
		<difficult>0</difficult>
		<bndbox>
			<xmin>494</xmin>
			<ymin>366</ymin>
			<xmax>550</xmax>
			<ymax>417</ymax>
		</bndbox>
	</object>
	<object>
		<name>piscina</name>
		<pose>Unspecified</pose>
		<truncated>0</truncated>
		<difficult>0</difficult>
		<bndbox>
			<xmin>13</xmin>
			<ymin>479</ymin>
			<xmax>75</xmax>
			<ymax>527</ymax>
		</bndbox>
	</object>
	<object>
		<name>parking</name>
		<pose>Unspecified</pose>
		<truncated>0</truncated>
		<difficult>0</difficult>
		<bndbox>
			<xmin>23</xmin>
			<ymin>322</ymin>
			<xmax>201</xmax>
			<ymax>352</ymax>
		</bndbox>
	</object>
	<object>
		<name>parking</name>
		<pose>Unspecified</pose>
		<truncated>0</truncated>
		<difficult>0</difficult>
		<bndbox>
			<xmin>208</xmin>
			<ymin>333</ymin>
			<xmax>401</xmax>
			<ymax>363</ymax>
		</bndbox>
	</object>
</annotation>
