<annotation>
	<folder>downloaded</folder>
	<filename>Madrid_norte_40.5556532_-3.6624752.jpg</filename>
	<path>C:\Users\Public\Pictures\downloaded\Madrid_norte_40.5556532_-3.6624752.jpg</path>
	<source>
		<database>Unknown</database>
	</source>
	<size>
		<width>640</width>
		<height>640</height>
		<depth>3</depth>
	</size>
	<segmented>0</segmented>
	<object>
		<name>piscina</name>
		<pose>Unspecified</pose>
		<truncated>0</truncated>
		<difficult>0</difficult>
		<bndbox>
			<xmin>499</xmin>
			<ymin>264</ymin>
			<xmax>548</xmax>
			<ymax>291</ymax>
		</bndbox>
	</object>
	<object>
		<name>piscina</name>
		<pose>Unspecified</pose>
		<truncated>1</truncated>
		<difficult>0</difficult>
		<bndbox>
			<xmin>524</xmin>
			<ymin>1</ymin>
			<xmax>548</xmax>
			<ymax>19</ymax>
		</bndbox>
	</object>
	<object>
		<name>rotonda</name>
		<pose>Unspecified</pose>
		<truncated>0</truncated>
		<difficult>0</difficult>
		<bndbox>
			<xmin>353</xmin>
			<ymin>448</ymin>
			<xmax>432</xmax>
			<ymax>525</ymax>
		</bndbox>
	</object>
</annotation>
