<annotation>
	<folder>downloaded</folder>
	<filename>Madrid_norte_40.5476432_-3.6519452.jpg</filename>
	<path>C:\Users\Public\Pictures\downloaded\Madrid_norte_40.5476432_-3.6519452.jpg</path>
	<source>
		<database>Unknown</database>
	</source>
	<size>
		<width>640</width>
		<height>640</height>
		<depth>3</depth>
	</size>
	<segmented>0</segmented>
	<object>
		<name>parking</name>
		<pose>Unspecified</pose>
		<truncated>0</truncated>
		<difficult>0</difficult>
		<bndbox>
			<xmin>404</xmin>
			<ymin>279</ymin>
			<xmax>460</xmax>
			<ymax>328</ymax>
		</bndbox>
	</object>
	<object>
		<name>parking</name>
		<pose>Unspecified</pose>
		<truncated>0</truncated>
		<difficult>0</difficult>
		<bndbox>
			<xmin>463</xmin>
			<ymin>309</ymin>
			<xmax>546</xmax>
			<ymax>356</ymax>
		</bndbox>
	</object>
	<object>
		<name>parking</name>
		<pose>Unspecified</pose>
		<truncated>0</truncated>
		<difficult>0</difficult>
		<bndbox>
			<xmin>71</xmin>
			<ymin>438</ymin>
			<xmax>140</xmax>
			<ymax>510</ymax>
		</bndbox>
	</object>
	<object>
		<name>parking</name>
		<pose>Unspecified</pose>
		<truncated>0</truncated>
		<difficult>0</difficult>
		<bndbox>
			<xmin>116</xmin>
			<ymin>376</ymin>
			<xmax>170</xmax>
			<ymax>439</ymax>
		</bndbox>
	</object>
	<object>
		<name>parking</name>
		<pose>Unspecified</pose>
		<truncated>0</truncated>
		<difficult>0</difficult>
		<bndbox>
			<xmin>165</xmin>
			<ymin>265</ymin>
			<xmax>209</xmax>
			<ymax>331</ymax>
		</bndbox>
	</object>
	<object>
		<name>parking</name>
		<pose>Unspecified</pose>
		<truncated>0</truncated>
		<difficult>0</difficult>
		<bndbox>
			<xmin>136</xmin>
			<ymin>344</ymin>
			<xmax>180</xmax>
			<ymax>377</ymax>
		</bndbox>
	</object>
</annotation>
