<annotation>
	<folder>downloaded</folder>
	<filename>Madrid_norte_40.5583232_-3.6554552.jpg</filename>
	<path>C:\Users\Public\Pictures\downloaded\Madrid_norte_40.5583232_-3.6554552.jpg</path>
	<source>
		<database>Unknown</database>
	</source>
	<size>
		<width>640</width>
		<height>640</height>
		<depth>3</depth>
	</size>
	<segmented>0</segmented>
	<object>
		<name>rotonda</name>
		<pose>Unspecified</pose>
		<truncated>0</truncated>
		<difficult>0</difficult>
		<bndbox>
			<xmin>147</xmin>
			<ymin>93</ymin>
			<xmax>218</xmax>
			<ymax>158</ymax>
		</bndbox>
	</object>
	<object>
		<name>rotonda</name>
		<pose>Unspecified</pose>
		<truncated>0</truncated>
		<difficult>0</difficult>
		<bndbox>
			<xmin>128</xmin>
			<ymin>490</ymin>
			<xmax>204</xmax>
			<ymax>568</ymax>
		</bndbox>
	</object>
	<object>
		<name>piscina</name>
		<pose>Unspecified</pose>
		<truncated>0</truncated>
		<difficult>0</difficult>
		<bndbox>
			<xmin>572</xmin>
			<ymin>285</ymin>
			<xmax>614</xmax>
			<ymax>307</ymax>
		</bndbox>
	</object>
</annotation>
