<annotation>
	<folder>downloaded</folder>
	<filename>Madrid_norte_40.5503132_-3.6624752.jpg</filename>
	<path>C:\Users\Public\Pictures\downloaded\Madrid_norte_40.5503132_-3.6624752.jpg</path>
	<source>
		<database>Unknown</database>
	</source>
	<size>
		<width>640</width>
		<height>640</height>
		<depth>3</depth>
	</size>
	<segmented>0</segmented>
	<object>
		<name>piscina</name>
		<pose>Unspecified</pose>
		<truncated>0</truncated>
		<difficult>0</difficult>
		<bndbox>
			<xmin>444</xmin>
			<ymin>79</ymin>
			<xmax>464</xmax>
			<ymax>118</ymax>
		</bndbox>
	</object>
	<object>
		<name>piscina</name>
		<pose>Unspecified</pose>
		<truncated>0</truncated>
		<difficult>0</difficult>
		<bndbox>
			<xmin>451</xmin>
			<ymin>145</ymin>
			<xmax>488</xmax>
			<ymax>173</ymax>
		</bndbox>
	</object>
	<object>
		<name>rotonda</name>
		<pose>Unspecified</pose>
		<truncated>0</truncated>
		<difficult>0</difficult>
		<bndbox>
			<xmin>297</xmin>
			<ymin>233</ymin>
			<xmax>376</xmax>
			<ymax>304</ymax>
		</bndbox>
	</object>
</annotation>
