<annotation>
	<folder>downloaded</folder>
	<filename>Madrid_norte_40.5556532_-3.6554552.jpg</filename>
	<path>C:\Users\Public\Pictures\downloaded\Madrid_norte_40.5556532_-3.6554552.jpg</path>
	<source>
		<database>Unknown</database>
	</source>
	<size>
		<width>640</width>
		<height>640</height>
		<depth>3</depth>
	</size>
	<segmented>0</segmented>
	<object>
		<name>rotonda</name>
		<pose>Unspecified</pose>
		<truncated>0</truncated>
		<difficult>0</difficult>
		<bndbox>
			<xmin>91</xmin>
			<ymin>438</ymin>
			<xmax>166</xmax>
			<ymax>506</ymax>
		</bndbox>
	</object>
	<object>
		<name>piscina</name>
		<pose>Unspecified</pose>
		<truncated>0</truncated>
		<difficult>0</difficult>
		<bndbox>
			<xmin>557</xmin>
			<ymin>555</ymin>
			<xmax>601</xmax>
			<ymax>584</ymax>
		</bndbox>
	</object>
</annotation>
