<annotation>
	<folder>downloaded</folder>
	<filename>Parking_Ikea_Madrid_Este_40.5328007_-3.6179065.jpg</filename>
	<path>C:\Users\Public\Pictures\downloaded\Parking_Ikea_Madrid_Este_40.5328007_-3.6179065.jpg</path>
	<source>
		<database>Unknown</database>
	</source>
	<size>
		<width>640</width>
		<height>640</height>
		<depth>3</depth>
	</size>
	<segmented>0</segmented>
	<object>
		<name>rotonda</name>
		<pose>Unspecified</pose>
		<truncated>0</truncated>
		<difficult>0</difficult>
		<bndbox>
			<xmin>126</xmin>
			<ymin>95</ymin>
			<xmax>512</xmax>
			<ymax>472</ymax>
		</bndbox>
	</object>
</annotation>
