<annotation>
	<folder>downloaded</folder>
	<filename>Parking_Ikea_Madrid_Este_40.5461507_-3.6179065.jpg</filename>
	<path>C:\Users\Public\Pictures\downloaded\Parking_Ikea_Madrid_Este_40.5461507_-3.6179065.jpg</path>
	<source>
		<database>Unknown</database>
	</source>
	<size>
		<width>640</width>
		<height>640</height>
		<depth>3</depth>
	</size>
	<segmented>0</segmented>
	<object>
		<name>parking</name>
		<pose>Unspecified</pose>
		<truncated>0</truncated>
		<difficult>0</difficult>
		<bndbox>
			<xmin>144</xmin>
			<ymin>50</ymin>
			<xmax>214</xmax>
			<ymax>119</ymax>
		</bndbox>
	</object>
	<object>
		<name>rotonda</name>
		<pose>Unspecified</pose>
		<truncated>0</truncated>
		<difficult>0</difficult>
		<bndbox>
			<xmin>321</xmin>
			<ymin>202</ymin>
			<xmax>410</xmax>
			<ymax>285</ymax>
		</bndbox>
	</object>
	<object>
		<name>parking</name>
		<pose>Unspecified</pose>
		<truncated>0</truncated>
		<difficult>0</difficult>
		<bndbox>
			<xmin>441</xmin>
			<ymin>467</ymin>
			<xmax>518</xmax>
			<ymax>540</ymax>
		</bndbox>
	</object>
</annotation>
