<annotation>
	<folder>downloaded</folder>
	<filename>Parking_Ikea_Madrid_Este_40.5301307_-3.6108865.jpg</filename>
	<path>C:\Users\Public\Pictures\downloaded\Parking_Ikea_Madrid_Este_40.5301307_-3.6108865.jpg</path>
	<source>
		<database>Unknown</database>
	</source>
	<size>
		<width>640</width>
		<height>640</height>
		<depth>3</depth>
	</size>
	<segmented>0</segmented>
	<object>
		<name>piscina</name>
		<pose>Unspecified</pose>
		<truncated>0</truncated>
		<difficult>0</difficult>
		<bndbox>
			<xmin>339</xmin>
			<ymin>500</ymin>
			<xmax>359</xmax>
			<ymax>538</ymax>
		</bndbox>
	</object>
	<object>
		<name>piscina</name>
		<pose>Unspecified</pose>
		<truncated>0</truncated>
		<difficult>0</difficult>
		<bndbox>
			<xmin>273</xmin>
			<ymin>548</ymin>
			<xmax>313</xmax>
			<ymax>571</ymax>
		</bndbox>
	</object>
</annotation>
